molregno,MolLogP,TPSA,NumRotatableBonds,MolWt,NumHAcceptors,NumHDonors
29272,1.6995999999999996,92.49999999999999,5,419.4690000000002,4,2
29758,1.4268999999999998,46.330000000000005,2,228.361,3,1
29449,2.1136,75.42999999999999,4,383.46400000000017,4,2
29244,1.7515999999999994,92.49999999999999,5,401.47900000000027,4,2
29265,2.3199999999999994,101.73,6,467.4850000000002,5,2
29253,1.6995999999999996,92.49999999999999,5,419.4690000000002,4,2
29482,2.2031,75.42999999999999,4,365.4240000000002,3,2
29340,2.8542000000000005,75.42999999999999,4,415.48100000000017,4,2
29213,2.3693,84.65999999999998,5,377.46000000000015,4,2
29352,2.3199999999999994,101.73,6,467.4850000000002,5,2
29341,2.4483000000000006,75.42999999999999,4,401.40400000000017,3,2
29323,2.372,101.73,6,449.49500000000023,5,2
29235,2.666500000000001,84.65999999999998,5,395.45000000000016,4,2
29448,2.1510999999999996,75.42999999999999,4,383.41400000000016,3,2
29258,2.4213000000000005,84.65999999999998,5,359.4700000000002,4,2
29314,2.1510999999999996,75.42999999999999,4,383.41400000000016,3,2
29264,2.6172000000000004,101.73,6,485.4750000000002,5,2
29215,2.3693,84.65999999999998,5,377.46000000000015,4,2
29718,2.2824999999999998,101.73,6,467.5350000000002,6,2
234687,2.1136,75.42999999999999,4,383.46400000000017,4,2
234392,2.4213000000000005,84.65999999999998,5,359.4700000000002,4,2
234789,2.988600000000001,75.42999999999999,4,397.5440000000002,4,2
234287,1.7515999999999994,92.49999999999999,5,401.47900000000027,4,2
234336,2.372,101.73,6,449.49500000000023,5,2
234913,2.8317000000000014,87.46,4,488.3950000000002,4,3
234495,3.078100000000001,75.42999999999999,4,379.50400000000025,3,2
235506,2.2824999999999998,101.73,6,467.5350000000002,6,2
522806,5.542200000000004,27.82,2,362.42300000000006,1,2
522883,4.769700000000004,27.82,2,318.4110000000002,1,2
522805,4.903300000000003,27.82,2,328.81800000000004,1,2
61800,4.3019000000000025,27.82,2,276.38300000000004,1,2
522882,4.450500000000003,27.82,2,318.392,2,2
522884,2.5086000000000004,54.120000000000005,2,294.301,3,2
62690,4.580100000000003,27.82,2,312.36300000000006,1,2
522807,5.542200000000004,27.82,2,362.42300000000006,1,2
62689,6.257000000000006,19.03,5,380.535,1,1
522804,4.389000000000003,27.82,2,312.363,1,2
522745,4.389000000000003,27.82,2,312.363,1,2
522886,4.528100000000003,27.82,2,330.353,1,2
522808,3.7840000000000016,40.71,2,313.351,2,2
1385918,6.7880000000000065,19.03,5,406.57300000000004,1,1
61811,6.257000000000006,19.03,5,380.535,1,1
63314,4.6441000000000034,19.03,2,290.41,1,1
63308,6.2145000000000055,19.03,4,366.5080000000001,1,1
62755,4.991700000000004,19.03,2,290.41,1,1
522746,4.903300000000003,27.82,2,328.81800000000004,1,2
62728,4.3019000000000025,27.82,2,276.38300000000004,1,2
522885,3.974300000000002,56.92,3,355.38800000000003,2,3
120674,3.831000000000003,41.93000000000001,7,373.46800000000013,4,1
245193,4.778400000000005,3.24,3,341.44500000000005,1,0
245317,3.317280000000002,61.17,5,390.4550000000001,4,0
244895,3.4456000000000024,37.38,5,365.44500000000005,3,0
522745,4.389000000000003,27.82,2,312.363,1,2
244901,2.544500000000001,80.47,6,408.4700000000001,4,1
244841,3.317280000000002,61.17,5,390.4550000000001,4,0
244263,3.991100000000003,23.47,3,321.464,2,1
244233,3.5847000000000024,37.38,5,383.43500000000006,3,0
131689,3.699900000000003,43.86,5,425.52900000000017,4,0
244860,3.762000000000003,37.38,3,391.48300000000006,3,0
245190,3.557500000000002,37.38,6,343.4920000000001,3,0
244289,4.367100000000004,12.47,3,343.41700000000003,2,0
244094,2.9467000000000017,54.45,5,361.43800000000005,4,0
244868,2.544500000000001,80.47,6,408.4700000000001,4,1
244262,4.099000000000004,37.38,5,399.8900000000001,3,0
244897,4.375700000000004,21.700000000000003,4,373.44300000000015,3,0
244840,3.317280000000002,61.17,5,390.4550000000001,4,0
244876,3.1674000000000015,37.38,5,329.46500000000003,3,0
128085,4.459600000000004,78.52000000000001,9,456.4890000000002,5,1
128116,4.9112000000000045,78.52000000000001,9,476.54500000000024,6,1
1384547,5.605900000000003,78.52000000000001,9,570.4580000000003,6,1
128556,4.849700000000005,78.52000000000001,9,470.51600000000025,5,1
128557,4.459600000000004,78.52000000000001,9,456.4890000000002,5,1
1384546,5.996000000000003,78.52000000000001,9,584.4850000000004,6,1
88540,5.548200000000004,78.52000000000001,10,528.5020000000002,5,1
128123,4.901100000000004,81.01,9,456.48900000000015,5,1
128085,4.459600000000004,78.52000000000001,9,456.4890000000002,5,1
340762,5.605900000000003,78.52000000000001,9,570.4580000000003,6,1
128557,4.459600000000004,78.52000000000001,9,456.4890000000002,5,1
1384545,5.454700000000004,65.63000000000001,9,469.52800000000025,4,1
88715,4.519800000000004,78.52000000000001,9,466.4310000000001,5,1
333151,5.605900000000003,78.52000000000001,9,570.4580000000003,6,1
88715,4.519800000000004,78.52000000000001,9,466.4310000000001,5,1
290813,6.958500000000008,70.83,11,630.849,6,1
291221,7.150600000000009,61.60000000000001,12,602.8390000000004,5,1
290685,6.968300000000007,70.83,13,658.7810000000002,6,1
289655,6.027200000000007,61.60000000000001,9,560.758,5,1
290306,6.044400000000007,80.06,13,620.8100000000004,7,1
287918,6.027200000000007,61.60000000000001,11,560.7580000000003,5,1
291231,6.044400000000007,80.06,11,620.8100000000001,7,1
292496,7.324700000000008,61.60000000000001,9,616.8660000000001,5,1
290921,6.814400000000008,70.83,11,618.8380000000001,6,1
292073,5.898880000000006,85.39,9,585.768,6,1
290814,6.958500000000008,70.83,13,630.8490000000005,6,1
291232,6.044400000000007,80.06,13,620.8100000000004,7,1
289432,6.425900000000007,70.83000000000001,13,604.811,6,1
290879,7.204500000000008,70.83,12,632.8650000000005,6,1
289621,7.694200000000008,61.60000000000001,10,636.8560000000001,5,1
292218,6.925800000000007,70.83,10,644.7540000000001,6,1
290815,6.958500000000008,70.83,13,630.8490000000005,6,1
292494,7.694200000000008,61.60000000000001,12,636.8560000000003,5,1
290464,8.228400000000008,61.60000000000001,11,662.8939999999999,5,1
75221,6.808000000000007,35.58,6,569.6340000000001,3,1
75398,7.427000000000008,41.57000000000001,5,582.6290000000002,3,1
75085,8.8007,32.34,6,620.6530000000004,2,1
74668,7.267900000000006,32.34,5,526.565,2,1
75382,7.513900000000007,32.34,5,540.5920000000001,2,1
75985,6.446900000000006,49.410000000000004,5,540.5480000000001,3,1
75496,6.620900000000007,50.80000000000001,5,584.6010000000002,4,1
75764,6.238700000000007,52.57000000000001,5,542.5640000000001,3,2
75701,8.205600000000008,41.57000000000001,5,610.6830000000003,3,1
75690,7.8516000000000075,52.57000000000001,7,632.6890000000004,3,2
75342,7.2845000000000075,41.57000000000001,5,582.6290000000002,3,1
75702,7.057100000000007,58.64000000000001,6,610.6390000000004,4,1
75700,8.309100000000006,41.57000000000001,6,624.7100000000005,3,1
75341,7.199600000000007,58.64,6,610.6390000000004,4,1
75271,6.343600000000006,32.34,5,486.50000000000006,2,1
296708,3.7428000000000035,37.38,5,383.43500000000006,3,0
244895,3.4456000000000024,37.38,5,365.44500000000005,3,0
296798,3.8819000000000035,37.38,5,401.4250000000001,3,0
244233,3.5847000000000024,37.38,5,383.43500000000006,3,0
296864,3.614480000000003,61.17,5,408.4450000000001,4,0
296660,3.0858000000000017,54.45,5,379.42800000000005,4,0
296856,4.396200000000004,37.38,5,417.8800000000001,3,0
296631,3.8819000000000035,37.38,5,401.42500000000007,3,0
296685,3.952900000000003,40.620000000000005,6,438.5150000000002,4,0
120674,3.831000000000003,41.93000000000001,7,373.46800000000013,4,1
296630,3.8819000000000035,37.38,5,401.42500000000007,3,0
296926,3.8941000000000017,85.05,7,490.5670000000002,7,1
296900,5.652300000000006,72.16,7,539.6390000000002,6,1
296954,5.047300000000004,85.05,7,540.6270000000002,7,1
296955,5.047300000000004,85.05,7,540.6270000000002,7,1
296975,5.422900000000005,81.39,7,581.6760000000004,7,1
296874,6.186500000000005,72.16,7,565.6770000000005,6,1
296875,5.338100000000005,75.4,7,594.719,7,1
19569,6.445800000000007,43.7,8,471.6850000000001,3,2
156551,4.176700000000003,42.52,6,380.4100000000001,4,2
338404,3.8310000000000004,104.06,8,515.5360000000003,6,4
338134,4.475700000000003,79.82000000000001,8,494.4850000000002,5,3
338260,5.369600000000004,88.69000000000001,11,619.681,6,3
338155,3.9403000000000024,88.69000000000001,10,557.6100000000002,6,3
338644,4.2443000000000035,62.75,8,462.51200000000017,5,3
338517,5.138100000000003,33.29,5,410.86700000000013,3,2
338415,5.025900000000004,42.52,7,432.4860000000002,4,2
338147,4.493300000000003,42.52,6,406.44800000000015,4,2
339789,6.439800000000007,23.55,4,498.511,2,0
339846,7.130800000000006,52.650000000000006,6,617.6340000000002,3,1
339845,7.2845000000000075,41.57000000000001,5,582.6290000000002,3,1
339881,7.138800000000008,42.010000000000005,5,624.6660000000005,4,0
340136,8.054500000000006,43.86000000000001,5,678.1170000000004,3,0
340135,7.401100000000007,43.86000000000001,5,643.6720000000005,3,0
340185,7.554800000000008,32.78,4,608.6670000000005,3,0
340184,6.484700000000007,53.010000000000005,4,610.6390000000005,4,1
340143,7.617100000000009,43.86000000000001,5,643.6720000000005,3,0
339750,7.227000000000007,43.86000000000001,5,629.6450000000004,3,0
339749,7.770800000000008,32.78,4,608.6670000000004,3,0
339880,7.380700000000008,32.78,4,594.6400000000004,3,0
344673,6.0507000000000035,21.259999999999998,4,429.40400000000005,2,1
345054,5.528900000000005,64.86,5,525.4970000000001,6,1
345045,5.528900000000005,64.86,5,525.4970000000001,6,1
344792,4.967900000000004,64.86,5,511.47,6,1
344791,4.967900000000004,64.86,5,511.47,6,1
344783,7.064100000000005,55.4,6,583.5940000000003,4,1
344674,6.503100000000004,55.4,6,569.5670000000003,4,1
344843,3.3099000000000016,90.69999999999999,5,410.6990000000001,2,2
345376,4.246100000000005,33.62,5,393.7120000000001,3,1
346656,4.8895000000000035,62.830000000000005,8,499.6550000000003,5,2
345955,4.399000000000004,66.85000000000001,4,411.8890000000001,6,2
346537,3.9231000000000025,68.62,4,452.9420000000002,7,1
346532,4.948400000000004,68.62,5,520.9390000000003,7,1
346537,3.9231000000000025,68.62,4,452.9420000000002,7,1
346425,5.0453000000000054,68.62,8,483.01200000000034,7,1
346424,4.417400000000003,68.62,5,494.90100000000035,7,1
346215,5.841900000000004,50.160000000000004,5,500.9520000000003,5,1
346207,4.211600000000003,63.050000000000004,4,433.94300000000015,6,1
346206,3.392100000000002,68.62,4,426.90400000000017,7,1
346312,4.816600000000005,50.160000000000004,4,432.9550000000002,5,1
346653,3.7837000000000023,82.03,5,483.9520000000002,8,1
346674,4.270680000000002,90.64000000000001,4,436.8990000000003,7,2
346673,4.903400000000003,68.62,6,503.0020000000004,7,1
346356,6.327900000000005,50.160000000000004,6,509.05300000000034,5,1
346454,4.903400000000003,68.62,6,503.0020000000004,7,1
346449,5.508400000000004,55.730000000000004,6,502.0140000000004,6,1
346448,4.242300000000004,64.96000000000001,5,475.4670000000002,7,1
346417,3.3523000000000023,64.96000000000001,5,421.49700000000024,7,1
346169,5.421600000000004,37.27,4,431.96700000000016,4,1
345956,4.781600000000004,37.27,5,407.9450000000002,4,1
349342,6.936200000000005,27.05,4,486.43100000000004,3,0
349126,6.936200000000005,27.05,4,486.4310000000001,3,0
349750,6.734000000000004,29.54,4,491.44700000000006,2,0
349749,6.591500000000004,29.54,4,491.44700000000006,2,0
349915,6.249300000000004,38.33,4,477.4200000000001,2,1
350054,6.391800000000004,38.33,4,477.4200000000001,2,1
244233,3.5847000000000024,37.38,5,383.43500000000006,3,0
347727,2.6529000000000016,40.620000000000005,5,384.42300000000006,3,0
347726,3.3182800000000015,63.13,4,394.42500000000007,3,1
299009,3.799000000000002,57.26,5,372.4720000000001,4,2
112651,4.830200000000005,15.71,10,366.5490000000002,3,0
5970,5.885600000000006,6.48,4,370.5870000000002,4,0
3859,4.425600000000004,40.54,6,375.8710000000001,3,1
364141,5.8570000000000055,41.03,7,461.5560000000001,3,1
367148,6.277770000000005,98.18,7,530.0530000000001,5,3
367140,7.517320000000007,50.160000000000004,6,536.6260000000004,4,1
254848,3.9304400000000017,123.57,7,493.6330000000002,5,3
53746,3.62427,139.13000000000002,6,452.5110000000002,4,4
367115,4.879070000000003,97.80000000000001,4,448.5300000000002,5,2
367097,2.67307,126.86999999999998,7,546.0490000000001,6,2
101251,3.0109000000000012,102.83000000000001,6,630.1920000000003,8,0
366944,4.914670000000004,136.95000000000002,9,607.111,8,3
367158,5.1254700000000035,110.64999999999999,7,535.0480000000002,6,3
367144,5.080970000000003,138.72,7,583.4760000000003,6,4
367127,5.770270000000005,101.42,6,539.4670000000002,5,3
367122,5.0149700000000035,135.48000000000002,9,528.3960000000001,5,4
367121,4.234770000000002,135.48000000000002,7,500.34200000000016,5,4
367114,4.779970000000003,98.18,5,456.33300000000014,4,3
366943,5.641170000000005,133.71000000000004,8,616.4770000000002,7,3
367101,5.493470000000006,124.48,7,568.4610000000001,6,3
367192,5.493470000000005,124.48,7,568.4610000000001,6,3
367185,4.068470000000002,133.70999999999998,9,523.9770000000001,7,3
367178,4.232170000000003,124.48,8,507.97800000000024,6,3
367164,5.7054700000000045,133.70999999999998,8,572.0210000000002,7,3
367157,5.975970000000004,135.48000000000002,8,574.0620000000002,6,4
366942,5.979570000000005,118.49,8,601.1320000000002,6,3
367151,6.064370000000005,124.48,8,588.0890000000002,7,3
366802,4.760000000000004,84.0,7,484.5560000000001,6,1
366536,6.799100000000007,78.01,6,609.7460000000003,6,1
366859,4.363900000000004,86.8,5,513.5730000000001,6,2
366534,6.253100000000007,84.0,6,578.7130000000003,6,1
366854,5.361700000000004,83.56,5,494.5950000000001,5,2
366533,5.326100000000006,112.14999999999999,7,635.7460000000002,7,1
366532,6.137400000000006,78.01,7,585.7080000000002,6,1
366531,5.832800000000006,78.01,6,595.7690000000002,7,1
366530,5.116200000000005,87.24000000000001,6,579.7010000000002,7,1
366529,6.269900000000006,78.01,6,577.7290000000003,6,1
366840,5.3456000000000055,78.01,6,537.6640000000002,6,1
366981,4.567000000000005,78.01,5,509.6100000000001,6,1
366974,4.2248000000000046,86.8,5,495.5830000000001,6,2
366968,5.805500000000006,74.77000000000001,5,494.5950000000001,5,1
366668,6.461300000000007,84.0,5,552.6750000000002,6,1
366803,5.841800000000006,93.23,6,580.6850000000003,7,1
383506,2.6572200000000006,88.56,5,373.42800000000017,5,2
383504,2.26712,88.56,4,359.4010000000001,5,2
383499,3.2002000000000015,98.36000000000001,7,426.49200000000025,6,2
383498,2.6556200000000008,88.56,4,373.42800000000017,5,2
383495,2.2167,97.78999999999999,5,371.4370000000001,6,2
383493,1.8281999999999998,97.78999999999999,5,357.41000000000014,6,2
383488,2.3558000000000003,97.79,5,389.4270000000002,6,2
383487,2.5118799999999997,107.58999999999999,8,428.4640000000002,7,2
383486,1.9673,97.79,5,375.4000000000001,6,2
5638,1.9828999999999997,104.81,11,441.57500000000016,6,2
2261,3.7227000000000023,30.869999999999997,0,326.8310000000001,4,1
72035,5.270900000000005,67.45,11,495.6390000000002,5,1
112651,4.830200000000005,15.71,10,366.5490000000002,3,0
65605,5.351300000000005,42.32,8,458.58100000000013,5,1
381931,6.842000000000008,166.69,21,937.1980000000002,11,3
381930,6.121200000000007,200.67,19,883.058,11,5
381929,8.666200000000005,206.58999999999997,25,1125.489999999999,12,3
381928,7.495900000000008,206.58999999999997,22,1083.4089999999994,12,3
381927,7.185700000000008,206.58999999999997,21,1071.3979999999995,12,3
381926,6.715700000000007,206.58999999999997,20,1055.3549999999996,12,3
381925,6.325600000000006,206.58999999999997,19,1041.3279999999997,12,3
381924,5.935500000000006,206.58999999999997,18,1027.3009999999997,12,3
381923,5.545400000000005,206.58999999999997,17,1013.2739999999998,12,3
381922,5.376700000000005,149.39,16,818.0550000000003,9,3
381918,5.172700000000006,197.86999999999995,12,785.8530000000002,11,4
381917,3.0021000000000004,186.87,13,590.6400000000002,11,2
65605,5.351300000000005,42.32,8,458.58100000000013,5,1
2261,3.7227000000000023,30.869999999999997,0,326.8310000000001,4,1
72035,5.270900000000005,67.45,11,495.6390000000002,5,1
112651,4.830200000000005,15.71,10,366.5490000000002,3,0
5638,1.9828999999999997,104.81,11,441.57500000000016,6,2
408183,4.874000000000004,54.63,5,434.9270000000001,6,0
408196,5.873400000000006,71.62,9,496.0510000000002,6,1
408196,5.873400000000006,71.62,9,496.0510000000002,6,1
408196,5.873400000000006,71.62,9,496.0510000000002,6,1
408196,5.873400000000006,71.62,9,496.0510000000002,6,1
408200,5.785500000000006,54.63,9,492.6390000000003,6,0
408199,6.371100000000007,45.59,9,488.6470000000002,4,1
408198,5.359100000000005,71.62,9,479.59600000000023,6,1
408196,5.873400000000006,71.62,9,496.0510000000002,6,1
408194,5.6737000000000055,80.41,10,482.02400000000017,6,2
408192,4.3647000000000045,74.86,7,492.5950000000002,7,1
408190,5.002200000000005,54.63000000000001,6,462.56900000000036,6,0
408189,4.879000000000005,74.86,7,509.05000000000024,7,1
408187,6.008500000000007,54.63,6,507.07800000000026,6,0
408185,4.982300000000006,54.63,6,452.98600000000016,6,0
409599,4.696900000000003,35.95,4,341.382,2,0
409599,4.696900000000003,35.95,4,341.382,2,0
409599,4.696900000000003,35.95,4,341.382,2,0
409598,4.557800000000004,35.95,4,323.392,2,0
409596,4.696900000000003,35.95,4,341.382,2,0
644493,4.363000000000002,47.03,4,357.38100000000003,3,0
409595,4.371600000000003,56.26,5,387.4070000000001,4,0
409594,3.9295000000000027,67.26,4,355.39000000000004,4,1
409593,4.068600000000003,67.26,4,373.3800000000001,4,1
409592,4.234680000000003,70.82,4,382.3910000000001,4,0
409591,4.671420000000004,47.03,4,371.40800000000013,3,0
409590,5.016400000000003,47.03,4,391.826,3,0
409588,3.6189000000000036,59.92,4,340.379,4,0
409582,4.363000000000003,47.03,4,357.38100000000003,3,0
409581,4.363000000000003,47.03,4,357.38100000000003,3,0
409580,3.977800000000003,47.03,5,359.39700000000005,3,0
409578,3.977800000000003,47.03,5,359.39700000000005,3,0
296798,3.8819000000000035,37.38,5,401.4250000000001,3,0
423205,4.326800000000003,48.470000000000006,5,474.55200000000025,5,1
423279,4.4733000000000045,61.36000000000001,6,483.6410000000001,6,1
423277,5.217400000000005,48.470000000000006,6,500.64300000000026,5,1
423275,4.420500000000004,48.470000000000006,6,448.63600000000014,5,1
423274,4.174500000000004,48.470000000000006,6,446.6200000000001,5,1
423272,4.564600000000004,48.470000000000006,7,448.63600000000014,5,1
423270,4.174500000000004,48.470000000000006,6,434.6090000000001,5,1
423269,3.7844000000000033,48.470000000000006,5,420.58200000000005,5,1
423267,4.326800000000003,48.470000000000006,5,474.5520000000002,5,1
423265,4.066300000000004,74.5,6,473.6020000000001,7,1
423248,4.671300000000004,61.61000000000001,6,472.6140000000001,6,1
423235,5.397300000000006,48.470000000000006,8,510.70700000000033,5,1
423225,5.007200000000005,48.470000000000006,7,496.68000000000023,5,1
423222,4.4733000000000045,61.36000000000001,6,483.6410000000001,6,1
423220,5.217400000000005,48.470000000000006,6,500.64300000000026,5,1
423219,5.7317000000000045,48.470000000000006,6,517.0980000000003,5,1
423217,5.386720000000005,48.470000000000006,6,496.68000000000023,5,1
423215,5.078300000000005,48.470000000000006,6,482.6530000000001,5,1
423214,4.420500000000004,48.470000000000006,6,448.63600000000014,5,1
423212,4.174500000000004,48.470000000000006,6,446.6200000000001,5,1
423210,4.564600000000004,48.470000000000006,7,448.63600000000014,5,1
423209,4.174500000000004,48.470000000000006,6,434.60900000000015,5,1
423208,3.7844000000000033,48.470000000000006,5,420.5820000000001,5,1
423207,3.607000000000003,45.39,4,378.545,5,1
424900,3.739760000000002,107.54,9,516.6020000000004,9,1
437873,3.531620000000002,67.42999999999999,6,354.85900000000004,4,2
437872,3.700020000000003,58.64,5,380.89700000000016,4,1
437921,3.861920000000003,41.57,5,332.8310000000001,3,1
437923,3.2590200000000014,64.35,5,304.77700000000004,3,2
437963,4.045000000000003,58.64,5,401.31500000000017,4,1
437967,3.864700000000002,50.36,5,339.22200000000004,3,2
437965,4.376780000000002,45.05,4,307.18,3,1
438057,3.990800000000002,21.259999999999998,4,265.715,2,1
438116,3.8603000000000023,30.49,5,277.751,3,1
433759,4.694020000000004,43.38000000000001,6,320.392,4,1
427891,3.4571000000000014,39.72,5,333.81500000000005,4,1
489211,3.7001000000000017,32.34,5,322.4520000000001,2,1
489609,3.6740000000000013,41.57,5,324.42400000000015,3,1
516780,2.849,103.58999999999997,4,442.5230000000002,6,3
516847,3.207200000000002,108.62999999999997,5,477.59000000000026,6,2
516848,3.879800000000002,83.27999999999999,3,399.49800000000016,5,3
516849,3.557500000000002,83.27999999999999,3,413.5250000000002,5,3
516932,2.4960000000000004,83.27999999999999,3,351.4540000000002,5,3
516934,4.2245000000000035,83.27999999999999,4,433.58100000000024,6,3
517011,4.2245000000000035,83.27999999999999,4,433.58100000000024,6,3
517012,2.8965000000000014,101.1,4,431.5440000000003,7,3
517014,2.8965000000000014,101.1,4,431.54400000000027,7,3
517094,4.483400000000003,91.56,4,475.6180000000002,6,2
517095,4.666400000000003,103.59,5,504.6600000000002,6,3
517096,3.8965000000000014,108.63000000000001,5,511.67300000000023,7,2
517097,4.931500000000005,100.26999999999998,5,511.6550000000003,8,2
517173,5.499200000000005,74.48999999999998,5,515.6050000000002,6,2
517174,3.9292000000000034,94.71999999999998,6,477.63400000000036,7,3
517175,4.021500000000003,111.78999999999998,6,491.61700000000036,7,3
517176,3.4222,117.58,6,490.6330000000002,7,3
517297,4.093300000000002,91.56,4,461.5910000000002,6,2
517298,4.093300000000002,91.56,4,461.5910000000002,6,2
517299,4.483400000000003,91.56,4,475.6180000000002,6,2
517300,4.625900000000003,91.56,4,475.61800000000017,6,2
517374,5.608300000000004,83.27999999999999,4,481.6250000000002,6,3
517376,4.776000000000004,91.47999999999999,4,448.59200000000027,6,3
517377,3.7511000000000028,100.35,4,447.56400000000025,6,3
517467,3.3610000000000015,100.35,4,433.5370000000002,6,3
517468,3.7511000000000028,100.35,4,447.56400000000025,6,3
517469,2.8230000000000004,129.45,4,462.5350000000002,7,4
517470,2.6605000000000008,112.38,4,448.5520000000002,7,4
516209,4.577500000000004,103.58999999999997,5,524.6500000000002,7,3
516210,3.296400000000001,112.38,4,448.5520000000002,6,4
516933,4.163000000000003,83.27999999999999,4,427.55200000000025,5,3
493222,5.481400000000006,43.18,7,430.52700000000044,5,0
493224,4.327700000000004,52.41,7,432.4990000000004,6,0
493351,5.973400000000007,43.18,8,458.5810000000002,5,0
493352,5.001800000000005,43.18,7,434.54000000000036,6,0
493416,6.053800000000006,43.18,7,478.5710000000004,5,0
493418,4.452200000000004,63.410000000000004,7,446.52600000000024,6,1
493419,4.880500000000004,69.47999999999999,8,488.5630000000002,7,0
367114,4.779970000000003,98.18,5,456.33300000000014,4,3
459679,4.135170000000002,107.41000000000001,6,451.91400000000016,5,3
459253,4.919070000000003,98.18,5,474.32300000000015,4,3
459902,4.274270000000002,107.41000000000001,6,469.90400000000017,5,3
367158,5.1254700000000035,110.64999999999999,7,535.0480000000002,6,3
493093,3.2388200000000014,57.7,4,402.49800000000016,5,1
493094,3.2631200000000016,48.910000000000004,4,416.5250000000001,5,0
521630,3.2388200000000014,57.7,4,402.49800000000016,5,1
521709,3.2631200000000016,48.910000000000004,4,416.5250000000001,5,0
521710,3.2388200000000014,57.7,4,402.49800000000016,5,1
521711,3.2631200000000016,48.910000000000004,4,416.5250000000001,5,0
521712,3.653220000000003,48.910000000000004,5,430.5520000000001,5,0
521779,4.041720000000002,48.910000000000004,5,444.5790000000001,5,0
521780,3.795720000000002,48.91000000000001,5,442.5630000000003,5,0
521781,4.043320000000002,48.91000000000001,6,456.5900000000003,5,0
521782,3.8984200000000024,48.91000000000001,6,466.5320000000002,5,0
521849,3.651620000000002,48.91,4,430.55200000000025,5,0
521850,3.651620000000002,48.91,4,430.55200000000025,5,0
521851,3.4022200000000016,48.910000000000004,4,434.5150000000001,5,0
521852,3.790720000000002,48.91,4,448.54200000000026,5,0
521918,3.653220000000003,48.910000000000004,5,430.5520000000001,5,0
521919,4.041720000000003,48.91,5,444.57900000000024,5,0
521920,3.792320000000003,48.910000000000004,5,448.5420000000001,5,0
521921,4.180820000000003,48.91,5,462.56900000000024,5,0
521994,3.6289200000000017,57.7,5,416.52500000000015,5,1
520629,3.693200000000002,69.72999999999999,4,368.87200000000007,5,2
474313,3.690820000000003,59.08,5,442.9430000000004,4,0
474236,3.486600000000002,49.85000000000001,4,393.2700000000001,3,0
29272,1.6995999999999996,92.49999999999999,5,419.4690000000002,4,2
131689,3.699900000000003,43.86,5,425.52900000000017,4,0
120674,3.831000000000003,41.93000000000001,7,373.46800000000013,4,1
244897,4.375700000000004,21.700000000000003,4,373.44300000000015,3,0
244263,3.991100000000003,23.47,3,321.464,2,1
244289,4.367100000000004,12.47,3,343.41700000000003,2,0
245193,4.778400000000005,3.24,3,341.44500000000005,1,0
244860,3.762000000000003,37.38,3,391.48300000000006,3,0
244895,3.4456000000000024,37.38,5,365.44500000000005,3,0
244876,3.1674000000000015,37.38,5,329.46500000000003,3,0
245190,3.557500000000002,37.38,6,343.4920000000001,3,0
245317,3.317280000000002,61.17,5,390.4550000000001,4,0
244841,3.317280000000002,61.17,5,390.4550000000001,4,0
244840,3.317280000000002,61.17,5,390.4550000000001,4,0
244233,3.5847000000000024,37.38,5,383.43500000000006,3,0
244262,4.099000000000004,37.38,5,399.8900000000001,3,0
244901,2.544500000000001,80.47,6,408.4700000000001,4,1
244868,2.544500000000001,80.47,6,408.4700000000001,4,1
244094,2.9467000000000017,54.45,5,361.43800000000005,4,0
61811,6.257000000000006,19.03,5,380.535,1,1
522679,4.832900000000003,27.82,2,302.42100000000005,1,2
61800,4.3019000000000025,27.82,2,276.38300000000004,1,2
62728,4.3019000000000025,27.82,2,276.38300000000004,1,2
63314,4.6441000000000034,19.03,2,290.41,1,1
62755,4.991700000000004,19.03,2,290.41,1,1
63308,6.2145000000000055,19.03,4,366.5080000000001,1,1
62689,6.257000000000006,19.03,5,380.535,1,1
522742,4.249900000000002,27.82,2,294.373,1,2
522743,4.389000000000003,27.82,2,312.363,1,2
522744,4.903300000000003,27.82,2,328.81800000000004,1,2
522745,4.389000000000003,27.82,2,312.363,1,2
522746,4.903300000000003,27.82,2,328.81800000000004,1,2
522804,4.389000000000003,27.82,2,312.363,1,2
522805,4.903300000000003,27.82,2,328.81800000000004,1,2
522806,5.542200000000004,27.82,2,362.42300000000006,1,2
522807,5.542200000000004,27.82,2,362.42300000000006,1,2
522808,3.7840000000000016,40.71,2,313.351,2,2
522882,4.450500000000003,27.82,2,318.392,2,2
522883,4.769700000000004,27.82,2,318.4110000000002,1,2
522884,2.5086000000000004,54.120000000000005,2,294.301,3,2
522885,3.974300000000002,56.92,3,355.38800000000003,2,3
522886,4.528100000000003,27.82,2,330.353,1,2
62690,4.580100000000003,27.82,2,312.36300000000006,1,2
7714,3.5904200000000026,64.16,4,410.4930000000002,6,0
155006,4.859300000000004,44.81,7,448.39400000000023,4,1
34197,3.4392200000000015,30.869999999999997,0,312.4420000000001,5,1
2261,3.7227000000000023,30.869999999999997,0,326.8310000000001,4,1
3859,4.425600000000004,40.54,6,375.8710000000001,3,1
494226,4.356400000000004,42.64,6,442.56300000000016,5,0
494225,5.912900000000006,28.6,8,444.40600000000006,4,0
494224,5.5228000000000055,28.6,7,430.37900000000013,4,0
494033,4.073420000000003,48.72,7,391.51500000000016,4,1
494032,5.006300000000005,31.72,6,471.43200000000013,4,0
495104,3.636680000000002,72.51,7,402.49800000000016,5,1
495175,4.873800000000004,48.47,7,457.4050000000002,4,1
495176,4.220400000000003,48.47,7,422.96000000000015,4,1
495177,3.5062000000000015,58.53,7,430.55200000000013,5,2
521527,2.718300000000001,21.259999999999998,3,227.30700000000002,2,1
521528,2.718300000000001,21.259999999999998,3,227.30700000000002,2,1
521529,2.5899800000000006,45.05,3,252.31699999999998,3,1
521530,2.857400000000001,21.259999999999998,3,245.297,2,1
521532,3.382600000000002,49.410000000000004,6,346.49600000000004,3,1
521606,2.9925000000000015,49.410000000000004,6,332.469,3,1
521692,3.2182000000000013,21.259999999999998,3,241.33399999999995,2,1
521763,3.0898800000000017,45.05,3,266.34399999999994,3,1
521766,2.4266000000000005,15.27,3,258.34,2,1
521767,2.7350200000000005,15.27,3,272.367,2,1
477718,4.388900000000003,84.14,4,423.5200000000001,5,2
477859,4.279100000000004,51.379999999999995,2,357.45700000000005,4,1
477720,3.786900000000003,62.46,3,412.5370000000001,4,1
477785,3.606700000000002,89.71000000000001,6,432.5240000000001,6,2
477719,2.502700000000001,92.0,4,437.5440000000001,6,1
477784,3.527000000000001,80.48,6,416.52500000000003,5,2
477786,4.251500000000003,80.48,5,436.94300000000015,5,2
478040,3.0650000000000013,81.97000000000001,4,400.48600000000005,7,1
477787,2.9845000000000015,84.14,4,373.46000000000004,5,2
478041,2.4267000000000003,81.97000000000001,4,364.4530000000001,7,1
478038,3.014500000000001,91.2,4,416.48500000000007,8,1
478039,3.0059000000000013,81.97000000000001,3,386.45900000000006,7,1
477966,2.4503000000000004,51.38,3,269.34799999999996,4,1
477965,2.7775000000000007,62.46000000000001,2,350.466,4,1
477967,3.691620000000002,84.58,5,417.5130000000001,6,1
477969,3.3832000000000013,84.58,5,403.48600000000005,6,1
477613,2.4801,58.64,4,392.9080000000002,4,1
477692,3.2603000000000018,58.64,4,420.9620000000002,4,1
477688,2.1715,58.64,4,372.4900000000002,4,1
477611,2.4801,58.64,4,392.9080000000002,4,1
477614,2.8702000000000005,58.64,4,406.93500000000023,4,1
477612,2.4801,58.64,4,392.9080000000002,4,1
477689,2.8702000000000005,58.64,4,406.93500000000023,4,1
556181,3.3655800000000022,30.27,2,303.40900000000005,3,0
566046,2.9867000000000017,40.54,0,303.446,2,1
557240,3.2327000000000026,40.540000000000006,0,317.47300000000007,2,1
555502,2.8592000000000017,49.769999999999996,2,347.49900000000014,3,1
566053,4.594600000000004,40.54,2,411.56100000000015,2,1
555513,4.8193000000000055,40.54,1,409.54500000000013,2,1
566054,4.958400000000006,40.54,1,427.53500000000014,2,1
557247,4.680200000000005,40.54,1,391.5550000000001,2,1
567909,3.5429000000000026,40.540000000000006,0,329.4840000000001,2,1
566064,4.075200000000003,53.43,1,392.5430000000001,3,1
557255,4.075200000000003,53.43,1,392.5430000000001,3,1
562574,3.470200000000002,66.32,1,393.5310000000001,4,1
562575,4.3476000000000035,66.32,2,433.5960000000002,4,1
555526,3.4788000000000023,75.55,2,423.5570000000002,5,1
560757,3.7786200000000028,66.32,1,407.5580000000001,4,1
567925,3.5119000000000025,78.35000000000001,2,422.57300000000015,5,2
566469,4.570120000000004,38.88,4,389.4780000000001,5,0
564683,4.261700000000003,38.88,4,375.45100000000014,5,0
566468,4.261700000000003,38.88,4,375.45100000000014,5,0
568291,4.866700000000004,25.990000000000002,4,374.46300000000014,4,0
566456,3.685900000000003,27.54,7,409.5530000000001,5,0
561162,4.078200000000003,51.55,7,434.5840000000003,6,1
566455,4.208700000000003,42.32000000000001,6,422.54800000000034,5,1
557620,3.116600000000002,44.53,6,382.4830000000001,5,1
564651,3.7707000000000033,33.53,7,396.5100000000001,5,0
566439,4.420400000000004,42.760000000000005,7,448.61100000000033,6,0
561148,4.550900000000004,33.53,6,436.5750000000001,5,0
566438,3.6236000000000024,33.53,5,364.4930000000001,5,0
566437,3.923420000000003,24.3,4,348.49400000000014,4,0
566436,3.754100000000003,24.3,4,352.4570000000001,4,0
152819,3.4122000000000012,70.05,5,432.5030000000001,6,1
582866,3.6334000000000017,90.11999999999999,5,419.3950000000001,8,1
582886,3.120120000000002,103.00999999999999,5,404.4590000000001,10,1
582585,3.4440000000000026,32.34,4,296.414,2,1
582443,3.299900000000002,32.34,4,296.414,2,1
582569,1.9632999999999998,49.410000000000004,4,304.41500000000013,3,1
582570,2.410820000000001,49.410000000000004,4,336.432,3,1
582588,2.3534000000000006,49.410000000000004,4,318.4420000000002,3,1
582411,1.9632999999999998,49.410000000000004,4,304.41500000000013,3,1
582424,3.330400000000001,32.34,4,296.41400000000004,2,1
582426,2.5502000000000002,32.34,3,268.36,2,1
578234,3.7767800000000022,65.78,1,311.344,3,1
594163,3.445400000000001,79.46000000000001,10,418.3460000000001,5,3
594162,3.525800000000002,87.3,9,430.3570000000001,4,3
594040,3.999200000000002,70.23,10,416.37400000000014,4,3
594174,4.127100000000003,75.27,8,427.35300000000007,3,2
600582,3.442400000000003,70.83,7,480.5310000000003,6,1
600581,4.405100000000004,70.83,8,528.5750000000002,6,1
600580,4.623900000000004,50.6,7,504.47500000000025,5,0
600501,3.6914000000000025,50.6,6,436.47800000000007,5,0
600500,3.8632000000000035,50.6,6,440.5630000000003,5,0
600499,3.5606000000000027,41.370000000000005,4,424.44200000000006,4,0
600498,3.950700000000003,41.370000000000005,5,438.46900000000005,4,0
600427,3.301300000000002,50.6,5,422.4510000000001,5,0
600359,2.959100000000001,59.39,5,408.42400000000015,5,1
600358,3.2184000000000017,50.160000000000004,4,410.41500000000013,4,1
596544,3.116900000000001,21.259999999999998,4,286.202,2,1
611952,3.4007000000000014,59.27,5,412.57800000000015,5,1
406867,3.9966200000000027,77.73,10,508.6630000000003,7,1
622269,4.582000000000004,56.67,4,491.5820000000002,4,1
622268,4.582000000000004,56.67,4,491.5820000000002,4,1
622173,4.534900000000004,43.78,4,468.5880000000003,3,1
622027,3.2700000000000014,52.57,3,414.49600000000015,3,2
622829,4.175900000000004,56.67,3,471.59200000000027,4,1
622760,5.059100000000005,43.78,3,506.58400000000023,3,1
619908,5.086400000000005,16.130000000000003,5,336.50399999999996,3,0
620004,4.552200000000004,16.130000000000003,5,310.466,3,0
620078,4.691300000000004,16.130000000000003,5,328.456,3,0
555670,4.552200000000004,16.130000000000003,5,310.466,3,0
619907,4.2100000000000035,24.92,5,296.439,3,1
619909,4.696300000000004,16.130000000000003,5,322.477,3,0
621022,3.2891200000000023,29.020000000000003,5,293.4140000000001,3,0
621024,3.6341000000000028,29.020000000000003,5,313.8320000000001,3,0
621088,3.1198000000000015,29.020000000000003,5,297.3770000000001,3,0
621089,3.642700000000003,38.25000000000001,6,343.858,4,0
621091,3.6341000000000028,29.020000000000003,5,313.8320000000001,3,0
621093,3.850120000000003,29.020000000000003,5,307.441,3,0
621170,4.347300000000004,16.130000000000003,5,316.445,3,0
628928,3.288800000000002,33.95,3,306.413,4,0
628925,4.032900000000003,21.060000000000002,3,323.415,3,0
628854,4.032900000000003,21.060000000000002,3,323.415,3,0
628852,5.361620000000005,33.95,4,394.5880000000003,5,0
628785,5.605300000000006,30.29,5,403.5700000000003,4,0
628784,4.6810000000000045,30.29,5,363.5050000000001,4,0
628783,5.735800000000006,21.060000000000002,4,391.5340000000003,3,0
628782,4.811500000000004,21.060000000000002,4,351.4690000000001,3,0
628711,3.0245000000000015,30.290000000000003,3,299.4180000000001,4,0
628708,2.8820000000000014,30.29,5,287.40700000000004,4,0
628707,3.9245000000000028,30.290000000000003,5,335.4510000000001,4,0
154580,5.709500000000005,47.61000000000001,3,489.35300000000035,3,2
364123,4.191300000000002,60.91,2,385.32000000000005,4,1
244233,3.5847000000000024,37.38,5,383.43500000000006,3,0
296798,3.8819000000000035,37.38,5,401.4250000000001,3,0
632792,4.9680000000000035,34.14,4,356.39300000000003,2,0
632898,4.066900000000002,77.23,5,399.418,3,1
632899,4.882200000000004,54.37,5,382.456,3,1
632977,4.882200000000004,54.37,5,382.456,3,1
120674,3.831000000000003,41.93000000000001,7,373.46800000000013,4,1
632528,4.093300000000003,68.46000000000001,6,379.46000000000015,6,0
632526,3.6517000000000017,44.81,4,306.413,3,1
632527,3.6517000000000017,44.81,4,306.413,3,1
632525,3.9601200000000025,44.81,4,320.44000000000005,3,1
632472,3.970520000000003,33.95,4,334.4670000000001,4,0
403097,3.970520000000003,33.95,4,334.4670000000001,4,0
632471,4.268540000000003,44.81,4,334.4670000000001,3,1
632469,4.521600000000004,29.270000000000003,4,306.40900000000005,3,0
632470,4.990100000000004,16.130000000000003,4,322.47700000000003,3,0
632198,4.990100000000004,16.130000000000003,4,322.47700000000003,3,0
632197,3.718600000000002,41.910000000000004,4,318.42400000000004,4,0
632196,3.7272000000000025,51.14000000000001,5,348.45000000000005,5,0
403093,4.627220000000004,45.150000000000006,5,401.5580000000003,5,0
632195,5.694020000000005,41.910000000000004,5,408.54900000000015,4,0
632092,4.497900000000004,19.37,4,337.511,3,0
632091,5.918900000000007,19.370000000000005,5,399.5820000000003,3,0
632090,5.079500000000005,38.13,5,409.53300000000013,4,0
632089,6.052100000000006,29.020000000000003,5,399.5630000000001,4,0
632088,6.422020000000006,29.020000000000003,5,419.61900000000014,5,0
632622,5.1505200000000055,54.800000000000004,5,415.56600000000014,6,0
631496,4.530120000000005,41.49000000000001,5,422.5980000000003,6,0
631497,5.755520000000006,41.910000000000004,5,414.57800000000015,5,0
631498,5.755520000000006,41.910000000000004,5,414.57800000000015,5,0
631499,5.095920000000005,46.84,5,433.50600000000014,5,0
631568,6.545420000000006,42.160000000000004,5,431.9670000000002,4,0
631569,6.545420000000006,42.160000000000004,5,431.9670000000002,4,0
631570,5.982500000000007,33.95,5,430.9830000000001,4,0
631571,5.892020000000006,42.160000000000004,5,397.52200000000016,4,0
631649,5.538300000000005,29.020000000000003,4,373.5250000000001,4,0
631650,6.0994200000000065,33.43000000000001,4,426.58900000000017,5,0
631651,4.341220000000003,46.32000000000001,4,377.5170000000001,6,0
631652,4.230800000000004,33.95,4,364.51800000000014,5,0
631653,4.884720000000005,33.43000000000001,4,370.5000000000001,4,0
631732,4.871800000000005,41.910000000000004,4,368.4840000000001,4,0
403099,5.180220000000006,41.910000000000004,4,382.51100000000014,4,0
631733,4.795100000000004,34.59,4,374.4840000000002,4,0
631734,4.861780000000005,39.92,4,347.4870000000001,4,0
631735,5.351970000000006,49.21,6,393.55600000000015,5,1
631805,4.323600000000003,29.020000000000003,4,317.43600000000004,3,0
631806,5.755520000000006,41.910000000000004,5,414.57800000000015,5,0
631807,5.817020000000006,41.910000000000004,5,420.60700000000014,6,0
631808,5.348520000000006,55.050000000000004,5,404.53900000000016,6,0
631809,4.052300000000003,47.480000000000004,4,361.44500000000016,5,0
403095,4.588140000000004,46.32000000000001,4,385.51500000000016,5,0
631885,3.3663000000000016,59.21000000000001,4,358.44900000000007,6,0
267366,4.998280000000005,40.17,4,330.4310000000001,3,0
632402,4.800280000000004,39.92,4,341.4580000000001,3,0
632403,3.2616000000000023,16.130000000000003,3,240.35000000000005,2,0
632404,3.570020000000002,16.130000000000003,3,254.37700000000004,2,0
632405,4.139000000000004,16.130000000000003,4,280.41500000000013,2,0
632468,4.559100000000004,16.130000000000003,3,296.4580000000001,2,0
632620,4.385100000000004,29.020000000000003,4,323.46500000000003,4,0
632621,3.7550000000000026,28.490000000000002,4,325.4810000000001,4,0
632336,5.001940000000006,29.020000000000003,4,351.5190000000001,4,0
632337,4.323600000000003,29.020000000000003,4,317.43600000000004,3,0
632338,4.323600000000003,29.020000000000003,4,317.43600000000004,3,0
632339,4.977000000000005,29.020000000000003,4,351.88100000000003,3,0
632401,4.632020000000004,29.020000000000003,4,331.4630000000001,3,0
632262,4.940440000000005,29.020000000000003,4,345.4900000000001,3,0
632263,4.812120000000005,52.81,4,370.50000000000017,4,0
632264,4.039340000000003,72.11,5,388.5150000000002,4,1
632265,5.0480000000000045,49.25,4,401.4320000000001,4,1
632266,3.718600000000002,41.910000000000004,4,318.42400000000004,4,0
632335,6.753900000000005,41.910000000000004,5,469.44100000000014,5,0
632018,6.0521000000000065,29.020000000000003,5,399.5630000000001,4,0
632019,6.388200000000006,51.14,7,498.5740000000002,6,0
632020,7.027020000000006,16.130000000000003,5,418.63100000000014,4,0
631954,6.729520000000005,33.95,5,465.4280000000002,4,0
403091,4.817720000000004,46.84,5,397.5260000000001,5,0
632017,6.144940000000005,46.84,5,479.5500000000002,5,0
403068,4.611420000000004,68.96000000000001,7,442.5670000000003,7,0
631953,4.278720000000003,62.970000000000006,6,441.5830000000002,7,0
632618,4.533440000000004,42.160000000000004,4,335.45100000000014,4,0
632619,4.6791000000000045,42.160000000000004,4,386.29300000000006,4,0
632529,4.401720000000004,68.46000000000001,6,393.4870000000002,6,0
633300,2.9628000000000005,78.95,4,465.5750000000003,5,1
633899,2.5176,48.050000000000004,2,305.38500000000005,4,1
633822,2.7825000000000006,45.400000000000006,2,306.369,5,0
633823,3.251000000000002,32.260000000000005,2,322.43700000000007,5,0
633825,2.5176,48.050000000000004,2,305.38500000000005,4,1
633897,3.536400000000002,48.050000000000004,2,373.38200000000006,4,1
633900,2.8260200000000006,48.050000000000004,2,319.4120000000001,4,1
633901,2.0362999999999998,32.260000000000005,2,266.348,4,0
632725,2.7825000000000006,45.400000000000006,2,306.369,5,0
632726,3.251000000000002,32.260000000000005,2,322.43700000000007,5,0
632728,2.5176000000000007,48.050000000000004,2,305.38500000000005,4,1
632729,3.536400000000002,48.050000000000004,2,373.38200000000006,4,1
632813,2.5176,48.050000000000004,2,305.38500000000005,4,1
632814,2.0362999999999998,32.260000000000005,2,266.348,4,0
632815,2.7825000000000006,45.400000000000006,2,306.369,5,0
632816,3.251000000000002,32.260000000000005,2,322.43700000000007,5,0
632919,2.5176000000000007,48.050000000000004,2,305.38500000000005,4,1
632920,3.536400000000002,48.050000000000004,2,373.38200000000006,4,1
632921,2.5176,48.050000000000004,2,305.38500000000005,4,1
632922,2.641300000000001,19.37,2,265.36,3,0
632999,3.387500000000002,32.510000000000005,2,305.38100000000003,4,0
633000,3.8560000000000034,19.37,2,321.44900000000007,4,0
633001,2.5176,48.05,2,305.38500000000005,4,1
633002,3.122600000000001,35.16,2,304.39700000000005,3,1
633003,4.1414000000000035,35.16,2,372.39400000000006,3,1
633071,3.122600000000001,35.16,2,304.39700000000005,3,1
633072,3.122600000000001,35.16,2,304.39700000000005,3,1
649486,4.191200000000004,12.96,9,406.6180000000002,4,0
649485,4.8080400000000045,12.96,9,434.67200000000025,4,0
649487,4.208400000000004,31.420000000000005,11,466.67000000000024,6,0
649356,5.4980000000000055,12.96,9,475.50800000000027,4,0
649355,3.5862000000000025,25.85,9,407.6060000000002,5,0
649358,3.8946200000000033,25.85000000000001,9,421.63300000000027,5,0
651525,4.499620000000004,12.96,9,420.6450000000002,4,0
651554,4.739400000000005,25.85,9,457.66600000000034,5,0
651555,3.8946200000000033,25.85,9,421.6330000000002,5,0
651556,4.203040000000003,25.85,9,435.66000000000025,5,0
651560,5.047820000000005,25.85,9,471.69300000000027,5,0
651561,4.853200000000005,22.190000000000005,10,471.08900000000017,5,0
2261,3.7227000000000023,30.869999999999997,0,326.8310000000001,4,1
34197,3.4392200000000015,30.869999999999997,0,312.4420000000001,5,1
155006,4.859300000000004,44.81,7,448.39400000000023,4,1
494033,4.073420000000003,48.72,7,391.51500000000016,4,1
387889,6.7609000000000075,71.16,8,502.70300000000026,5,1
493093,3.2388200000000014,57.7,4,402.49800000000016,5,1
493094,3.2631200000000016,48.910000000000004,4,416.5250000000001,5,0
521630,3.2388200000000014,57.7,4,402.49800000000016,5,1
521709,3.2631200000000016,48.910000000000004,4,416.5250000000001,5,0
702138,3.9860200000000026,46.42000000000001,4,425.5360000000002,6,0
700767,4.2944400000000025,46.42000000000001,4,439.5630000000002,6,0
700768,4.602860000000003,46.42000000000001,4,453.59000000000026,6,0
700862,5.004820000000004,46.42000000000001,4,493.5330000000002,6,0
700863,3.9860200000000026,46.42000000000001,4,425.5360000000002,6,0
700960,3.689440000000002,59.31000000000001,4,440.5510000000002,7,0
700766,3.689440000000002,59.31000000000001,4,440.5510000000002,7,0
700860,2.77602,72.20000000000002,4,427.51200000000017,8,0
700861,4.162720000000003,72.72,6,497.5990000000003,8,0
700958,4.188620000000004,63.49000000000001,5,467.5730000000002,7,0
700959,4.3564200000000035,68.01,6,496.61500000000024,8,0
701047,3.687820000000002,66.73,5,496.61500000000024,7,0
701048,3.857700000000002,70.21000000000001,4,450.5460000000002,7,0
701137,3.0849200000000003,89.51,5,468.56100000000026,7,1
701223,4.124220000000004,75.52000000000001,6,510.6420000000003,7,1
701307,3.8782200000000016,75.52000000000001,6,508.6260000000003,7,1
701393,4.268320000000003,75.52000000000001,6,522.6530000000002,7,1
701484,4.658420000000003,75.52000000000001,6,536.6800000000002,7,1
701573,4.125820000000002,75.52000000000001,7,522.6530000000002,7,1
701665,3.831920000000002,66.73,5,508.6260000000004,7,0
701763,4.222020000000003,66.73,5,522.6530000000004,7,0
701854,4.6121200000000036,66.73,5,536.6800000000003,7,0
701949,3.458420000000001,75.96000000000001,5,538.6520000000003,8,0
707894,3.8134000000000023,44.81,6,419.50000000000017,4,1
155006,4.859300000000004,44.81,7,448.39400000000023,4,1
707321,4.034100000000003,27.740000000000002,6,387.52700000000004,4,1
706142,3.9525000000000023,44.81,6,437.4900000000002,4,1
707436,4.173200000000003,27.740000000000002,6,405.51700000000017,4,1
706141,4.203500000000003,44.81,7,433.5270000000002,4,1
707774,3.8134000000000023,44.81,6,419.50000000000017,4,1
707435,4.4242000000000035,27.740000000000002,7,401.55400000000026,4,1
707543,4.5633000000000035,27.740000000000002,7,419.54400000000015,4,1
707659,4.064400000000004,44.81,7,415.5370000000001,4,1
706259,4.342600000000004,44.81,7,451.51700000000017,4,1
707893,4.203500000000003,44.81,7,433.5270000000002,4,1
707544,3.6743000000000023,44.81,6,401.51000000000005,4,1
707660,3.8134000000000023,44.81,6,419.50000000000017,4,1
615595,4.452580000000004,52.81,5,374.41000000000014,4,0
615598,4.2045800000000035,52.81,5,326.48800000000017,4,0
710319,3.620180000000002,73.11999999999999,7,419.4510000000002,5,0
697248,5.190580000000004,73.11999999999999,9,495.54900000000026,5,0
710424,5.258780000000004,69.88,6,438.45300000000015,4,0
710524,2.9589800000000013,69.80000000000001,4,307.275,4,1
710526,4.271480000000003,78.67,7,390.40900000000005,4,1
615596,4.744880000000004,61.6,8,376.42600000000004,4,1
710632,3.1860800000000022,61.6,5,320.318,4,1
709083,4.118580000000002,61.6,6,388.31500000000005,4,1
709084,3.214080000000002,56.050000000000004,5,389.4250000000001,5,0
709192,3.2988800000000014,62.04,5,376.3820000000001,5,0
709193,3.2026800000000017,70.83,8,364.37100000000004,5,1
709301,3.4233800000000025,73.03999999999999,5,390.4090000000001,5,1
709302,4.473780000000003,74.49000000000001,6,383.377,5,1
709509,2.0415799999999997,104.69,7,363.343,5,2
709510,2.8201800000000006,104.69,7,391.3970000000001,5,2
709608,2.57418,104.69,7,389.38100000000003,5,2
709609,2.9642800000000005,104.69,7,403.408,5,2
709510,2.8201800000000006,104.69,7,391.3970000000001,5,2
459318,5.704270000000005,98.18,5,496.39800000000037,4,3
717067,5.154600000000003,77.24000000000001,6,475.4920000000002,7,1
715495,4.860300000000004,71.17,6,447.4820000000001,6,2
715496,5.595400000000004,71.17,6,475.5360000000002,6,2
715618,5.421300000000003,71.17,6,461.5090000000001,6,2
715619,5.570600000000002,68.01,6,459.49300000000017,6,1
715852,4.466900000000002,94.03,6,460.48100000000017,6,2
715853,4.466900000000002,94.03,6,460.48100000000017,6,2
715964,4.606000000000002,94.03,6,478.4710000000001,6,2
715965,4.606000000000002,94.03,6,478.4710000000001,6,2
716072,4.606000000000002,94.03,6,478.4710000000001,6,2
1055266,5.160220000000004,48.470000000000006,6,450.5860000000001,4,1
1055279,5.5519200000000035,60.50000000000001,6,465.6010000000001,4,2
1055274,4.925140000000004,61.36000000000001,6,471.63000000000017,6,1
1054187,3.279420000000001,65.54,6,424.5700000000001,5,1
1055276,4.049320000000003,60.50000000000001,6,417.55700000000013,4,2
1054196,3.8645200000000024,48.91000000000001,5,416.5250000000002,5,0
1055262,3.8663200000000026,48.470000000000006,5,388.51500000000004,4,1
1054194,3.437520000000001,51.71000000000001,5,415.54100000000017,4,1
1058462,3.182100000000002,79.61000000000001,5,434.46400000000017,4,1
1059279,3.410400000000002,34.15,3,280.37100000000004,3,1
1059486,3.2820800000000014,57.94,3,305.381,4,1
1059490,3.2820800000000014,57.94,3,305.381,4,1
1059493,3.153760000000001,81.72999999999999,3,330.391,5,1
1059492,3.2820800000000014,57.94,3,305.381,4,1
1057932,3.149300000000002,50.94,5,277.371,3,2
1058164,3.860400000000003,51.38,4,333.435,4,1
1057939,1.9478,60.17,2,243.30999999999995,4,2
50822,1.2187999999999997,62.300000000000004,2,291.37600000000003,4,1
562359,2.1737,68.01,3,247.34200000000004,3,2
695650,0.9243999999999994,82.53,2,307.37500000000006,5,2
1062928,3.8042000000000025,56.56,4,451.6590000000002,6,2
1069697,4.649600000000004,61.8,5,367.468,3,2
1069698,4.649600000000004,61.8,5,367.468,3,2
1072306,2.6884000000000006,99.41000000000001,7,417.8970000000002,7,1
1140097,4.926300000000005,30.29,5,399.5350000000002,5,0
1140098,5.172300000000005,30.290000000000003,7,401.5510000000002,5,0
1140103,4.268900000000004,50.519999999999996,7,419.97800000000024,6,1
1140104,4.659000000000004,50.519999999999996,8,434.0050000000003,6,1
1140105,5.047500000000005,50.519999999999996,8,448.0320000000003,6,1
1140106,4.801500000000004,50.519999999999996,5,446.01600000000025,6,1
1140107,5.455600000000006,39.519999999999996,6,460.0430000000004,6,0
1140108,4.677000000000004,39.519999999999996,5,431.9890000000002,6,0
1138802,8.29560000000001,93.05000000000001,18,734.7649999999999,7,1
1138803,7.248120000000009,78.49000000000001,18,699.7160000000001,7,1
1138804,7.163320000000009,72.5,18,712.759,7,1
1138805,6.541020000000008,115.43,20,776.8240000000001,8,2
1138806,7.310920000000008,110.39000000000001,20,769.811,7,3
1138807,7.37262000000001,89.49000000000001,17,713.7430000000002,7,2
1138808,7.800920000000009,95.56000000000002,19,767.791,8,1
1138809,7.322420000000009,106.56000000000002,18,739.7370000000002,7,2
1138810,6.869220000000008,115.87000000000002,20,824.843,9,1
1138812,8.327820000000008,121.86000000000001,20,853.881,10,1
1138813,8.226240000000008,167.42,20,895.8300000000002,11,1
1138814,7.856620000000009,106.56000000000002,19,753.764,7,2
1138815,7.712520000000009,106.56000000000002,18,741.7530000000002,7,2
1138816,8.102620000000009,106.56000000000002,19,755.7800000000001,7,2
1138817,8.49272000000001,106.56000000000002,20,769.807,7,2
1138818,8.882820000000008,106.56000000000002,21,783.8340000000002,7,2
1138819,8.636820000000007,106.56000000000002,19,781.8179999999999,7,2
1138820,7.481520000000009,115.79,20,771.7790000000001,8,2
1138958,6.3136200000000064,132.5,19,816.8450000000001,9,2
1138959,7.137720000000008,123.72000000000001,19,777.7939999999998,9,2
1138973,3.891700000000003,87.39,6,425.4510000000001,5,3
1138979,3.8933000000000026,87.39,7,437.4620000000001,5,3
1138980,4.283400000000003,87.39,7,451.48900000000015,5,3
1143056,3.605220000000002,53.080000000000005,4,345.45000000000016,5,2
1145066,3.662600000000002,70.23,7,460.4050000000002,3,3
1145067,4.151700000000002,70.23,7,486.44300000000015,3,3
1145886,5.0623200000000015,61.03,5,380.1970000000002,4,1
1138803,7.248120000000009,78.49000000000001,18,699.7160000000001,7,1
1158945,4.175100000000004,60.03,13,480.6490000000003,5,1
1158950,4.027000000000004,82.03,13,561.7230000000003,7,1
1158951,4.680400000000005,82.03,13,596.1680000000001,7,1
1158952,3.5764000000000022,54.34,5,434.3670000000002,4,1
1158953,4.155400000000003,63.57,9,506.47400000000033,5,1
1158954,3.5020000000000024,63.57,9,472.0290000000002,5,1
1158955,3.5020000000000024,63.57,9,472.0290000000002,5,1
1158956,3.7653000000000016,63.57,8,492.4470000000003,5,1
1158957,4.422680000000003,78.13,8,501.4580000000003,5,1
1158958,4.032580000000003,78.13,7,487.43100000000027,5,1
1158960,3.4749000000000017,92.67000000000002,8,535.4720000000004,6,2
1159106,3.6347000000000023,75.6,9,507.46200000000033,6,2
1159108,3.611100000000002,63.57,9,516.4800000000004,5,1
1159109,3.919520000000004,63.57,9,530.5070000000002,5,1
1159110,4.5156000000000045,63.57,10,513.6820000000002,5,1
1159111,4.001800000000004,63.57,9,487.64400000000023,5,1
1159113,3.3968000000000025,76.46000000000001,9,488.63200000000023,6,1
1159116,3.9142000000000037,68.5,9,511.0660000000003,6,1
1159117,4.023300000000003,68.5,9,555.5170000000003,6,1
1159119,4.411700000000003,59.27,7,512.6290000000002,5,1
1159120,4.550800000000004,59.27,7,530.619,5,1
1159121,4.550800000000004,59.27,7,530.619,5,1
1159123,3.806700000000002,72.16,7,513.6170000000002,6,1
1159124,3.806700000000002,72.16,7,513.6170000000002,6,1
1138973,3.891700000000003,87.39,6,425.4510000000001,5,3
1172947,4.529200000000004,15.71,7,344.5430000000002,3,0
1172946,4.785100000000004,38.77,8,367.4890000000002,4,0
1172945,5.234500000000006,32.78,7,406.5700000000004,3,0
1172944,4.6170000000000035,21.700000000000003,7,325.45200000000006,3,0
1172943,4.337100000000003,30.93,6,339.4350000000001,4,0
1172942,3.8354000000000026,21.700000000000003,6,303.446,3,0
1172941,4.183000000000003,21.700000000000003,6,303.446,3,0
1172940,3.931700000000003,15.71,6,302.46200000000005,3,0
1172939,4.989100000000005,12.47,6,301.47400000000005,2,0
1172938,4.508700000000004,12.47,6,285.431,2,0
1172937,2.7182000000000004,34.06,6,288.391,4,0
1172936,3.596400000000002,38.50000000000001,6,286.37500000000006,4,0
1172935,3.3419000000000016,30.29,6,299.418,4,0
1172934,3.331500000000002,41.15,6,285.391,3,1
1172773,3.792900000000003,21.700000000000003,6,289.419,3,0
1172772,4.201400000000003,25.61,6,285.387,3,0
1172771,4.669900000000004,12.47,6,301.4550000000001,3,0
1179170,4.154700000000004,56.75000000000001,7,420.55700000000036,4,0
27072,4.168600000000003,3.24,3,277.411,1,0
111060,7.217600000000008,29.540000000000003,9,469.6690000000001,3,0
418484,4.411120000000004,59.75000000000001,5,391.4670000000002,5,0
38764,5.3852000000000055,6.48,6,404.50400000000013,2,0
2223,4.435000000000003,21.259999999999998,6,309.33099999999996,2,1
36842,4.308100000000003,29.950000000000003,6,437.5310000000002,5,1
152751,3.6784000000000017,58.1,6,379.435,4,1
36662,3.738000000000002,75.74000000000001,10,406.482,5,3
27629,3.3542000000000023,12.47,6,255.36100000000002,2,0
469763,5.104400000000005,12.47,6,343.898,2,0
33373,1.7177999999999995,112.27000000000001,4,451.48300000000023,9,1
557741,3.358100000000001,86.05000000000001,9,465.95300000000015,6,2
165774,4.402200000000004,29.54,7,309.4940000000001,3,0
14367,3.812980000000003,36.26,5,324.399,3,0
6243,3.5328000000000026,15.27,4,266.388,2,1
2261,3.7227000000000023,30.869999999999997,0,326.8310000000001,4,1
6216,4.894400000000004,6.48,4,318.8730000000001,3,0
11005,4.697900000000004,3.24,0,287.4060000000001,1,0
6643,3.326500000000002,39.72,4,329.3710000000001,4,1
3965,2.8828400000000007,118.2,10,340.42699999999996,4,4
97,1.7845999999999997,106.95,4,383.40800000000013,8,1
10661,2.658400000000001,28.6,7,285.391,4,0
16505,3.942700000000003,29.950000000000003,6,403.9790000000002,5,1
20131,2.840420000000001,47.86,4,281.359,4,2
37266,4.580200000000004,9.72,4,373.95300000000015,4,0
4504,-0.1392,163.18,12,444.4880000000002,10,8
1052745,3.727300000000003,12.47,8,265.441,2,0
110803,4.887800000000005,42.43,1,382.89100000000025,3,0
1325,4.945600000000004,9.72,4,407.50500000000017,4,0
5970,5.885600000000006,6.48,4,370.5870000000002,4,0
6968,5.9961000000000055,12.47,8,371.524,2,0
7714,3.5904200000000026,64.16,4,410.4930000000002,6,0
53616,5.179600000000004,12.03,2,306.236,1,1
65351,2.0816,100.59,3,392.4060000000001,6,3
1249886,3.5573000000000023,80.26,13,532.6280000000003,6,2
1249887,4.259900000000003,52.57,5,455.33200000000016,3,2
1249888,4.185500000000004,61.8,9,492.9940000000002,4,2
1174601,3.7954000000000025,61.8,8,478.96700000000016,4,2
1249889,3.573500000000002,68.36,5,443.46900000000016,3,3
1249890,4.087800000000002,68.36,5,459.9240000000002,3,3
1249891,4.196900000000003,68.36,5,504.37500000000017,3,3
1249892,4.083400000000004,66.73,9,515.5760000000002,5,2
1249893,4.152500000000003,77.59,9,515.5760000000001,4,3
1249894,4.662400000000004,75.96,13,587.683,6,2
1249895,4.539580000000004,90.52000000000001,11,568.64,6,2
1249896,3.628000000000003,100.87,11,607.6950000000002,7,2
1249897,3.915600000000004,79.2,11,614.7089999999998,7,2
1249898,4.328200000000004,84.55,11,595.666,7,2
1249899,2.724500000000001,95.83,8,530.5470000000001,6,3
1249900,3.066700000000001,87.04,8,544.5740000000002,6,2
1249901,4.083200000000002,83.53,7,524.5430000000002,6,2
1249902,4.083200000000002,83.53,7,524.5430000000002,6,2
1249903,4.391620000000003,83.53,7,538.5700000000002,6,2
1249904,3.786620000000002,96.42,7,539.5580000000001,7,2
1249905,4.083200000000002,83.53,7,524.5430000000002,6,2
1249906,4.700040000000004,83.53,7,552.5970000000002,6,2
1249907,3.223700000000002,88.21000000000001,7,538.5740000000002,7,2
1249908,5.095200000000005,57.5,7,533.5940000000003,4,2
1249909,5.696600000000005,66.73,9,599.6000000000003,5,2
1249910,5.696600000000005,66.73,9,599.6000000000003,5,2
1249911,5.696600000000005,66.73,9,599.6000000000003,5,2
1249912,5.234300000000005,57.5,7,551.5840000000003,4,2
1249913,5.373400000000005,57.5,7,569.5740000000003,4,2
1249914,4.490200000000003,70.39,7,534.5820000000002,5,2
1249915,4.490200000000003,70.39,7,534.5820000000002,5,2
1250140,4.798620000000004,70.39,7,548.6090000000002,5,2
1250141,4.798620000000004,70.39,7,548.6090000000003,5,2
1250142,4.611800000000004,86.95999999999998,11,625.6630000000002,6,3
1249878,3.2791000000000015,80.26,13,496.6480000000003,6,2
1266708,3.817000000000003,69.26,12,508.6590000000004,6,1
1266709,3.457200000000002,86.33000000000001,12,522.6420000000004,7,1
1266710,3.8595000000000033,69.26,12,522.6860000000005,6,1
1266711,4.287700000000004,69.26,12,520.6700000000004,6,1
1266712,3.3861000000000017,86.33000000000001,12,536.6690000000004,7,1
1266713,4.095200000000004,69.26,12,544.6390000000004,6,1
1266714,4.144400000000004,41.57,4,432.8980000000002,3,1
1266715,4.797800000000005,41.57,4,467.34300000000025,3,1
1266716,4.797800000000005,41.57,4,467.34300000000025,3,1
1266717,4.797800000000004,41.57,4,467.34300000000025,3,1
1266718,4.107840000000003,41.57000000000001,4,426.5070000000002,3,1
1266719,4.818220000000004,41.57000000000001,4,480.47700000000003,3,1
1266720,5.163200000000004,41.57,4,500.89500000000015,3,1
1266721,4.686840000000004,50.8,8,498.61400000000026,4,1
1266722,4.644200000000004,41.57,4,448.5130000000002,3,1
1266723,5.223200000000005,50.8,8,520.6200000000003,4,1
1266724,5.223200000000005,50.8,8,520.6200000000003,4,1
1266726,4.039200000000004,54.46,4,449.5010000000002,4,1
1266727,4.039200000000004,54.46,4,449.5010000000002,4,1
1266728,4.8034000000000034,58.64,4,514.8780000000002,4,1
1266729,4.988200000000005,63.27000000000001,12,632.1920000000003,6,1
1266730,5.997800000000007,54.040000000000006,14,618.2090000000004,5,1
1266731,4.595300000000004,96.97000000000001,14,654.2200000000003,6,2
1266732,4.205200000000004,96.97000000000001,13,640.1930000000003,6,2
1266733,4.386400000000004,88.18,12,680.2580000000003,7,1
1266734,4.514800000000004,80.34,11,646.1750000000002,6,1
628854,4.032900000000003,21.060000000000002,3,323.415,3,0
1272910,3.4913000000000025,41.370000000000005,5,394.4940000000001,4,0
628707,3.9245000000000028,30.290000000000003,5,335.4510000000001,4,0
1279141,2.784200000000001,40.620000000000005,1,340.44800000000015,4,0
1279145,2.944000000000001,36.69,1,320.3920000000001,4,0
1333002,3.6431000000000013,85.95,4,313.748,6,2
1333005,4.248100000000003,73.06,4,312.76,5,2
1333007,4.248100000000003,73.06,4,312.76,5,2
1333001,4.853100000000003,60.17,4,311.772,4,2
1333069,4.853100000000003,60.17,4,311.772,4,2
1333072,4.248100000000003,73.06,4,312.76,5,2
1333078,4.223700000000002,67.07,4,325.80300000000005,5,2
1333082,4.248100000000002,73.06,4,312.76000000000005,5,2
1333083,3.7338000000000013,73.06,4,296.305,5,2
1333084,3.9031200000000004,73.06,4,292.34200000000004,5,2
1333085,4.472100000000003,73.06,5,318.3800000000001,5,2
1333087,3.466380000000002,96.85000000000001,4,303.325,6,2
1333092,4.613500000000002,73.06,4,346.312,5,2
1333093,4.493300000000001,82.29,5,362.311,6,2
1333095,3.7338000000000013,73.06,4,296.305,5,2
1333096,3.9031200000000004,73.06,4,292.34200000000004,5,2
1333099,4.613500000000002,73.06,4,346.312,5,2
1333235,4.596340000000004,56.07,6,433.5810000000003,7,0
1333236,4.287920000000003,56.07,6,419.5540000000002,7,0
1333237,4.118600000000003,56.07,6,423.5170000000002,7,0
1333238,4.632900000000004,56.07,6,439.97200000000026,7,0
1333304,4.998300000000004,56.07,6,473.5240000000002,7,0
1333317,4.1186000000000025,56.07,6,423.51700000000017,7,0
1333318,4.1186000000000025,56.07,6,423.5170000000001,7,0
1333321,4.632900000000003,56.07,6,439.9720000000002,7,0
1333323,4.287920000000003,56.07,6,419.55400000000014,7,0
1333324,4.287920000000002,56.07,6,419.5540000000001,7,0
1333325,4.287920000000004,56.07,6,419.5540000000001,7,0
1333326,4.998300000000004,56.07,6,473.5240000000003,7,0
1333327,4.998300000000004,56.07,6,473.5240000000002,7,0
1333329,4.257700000000003,56.07,6,441.5070000000001,7,0
1333330,4.772000000000004,56.07,6,457.9620000000002,7,0
1333331,5.137400000000004,56.07,6,491.5140000000001,7,0
1333332,4.257700000000003,56.07,6,441.5070000000002,7,0
1333335,4.523000000000004,43.18,6,398.5100000000001,5,0
1333348,4.226420000000004,56.07,6,413.52500000000015,6,0
1333349,4.226420000000004,56.07,6,413.5250000000001,6,0
1333350,4.226420000000004,56.07,6,413.52500000000015,6,0
1333351,4.226420000000004,56.07,6,413.52500000000015,6,0
1333352,4.057100000000003,56.07,6,417.4880000000001,6,0
1333353,4.057100000000003,56.07,6,417.4880000000001,6,0
1333356,4.057100000000002,56.07,6,417.48800000000017,6,0
1333357,4.196200000000003,56.07,6,435.4780000000001,6,0
1333358,4.710500000000003,56.07,6,451.9330000000002,6,0
1333359,5.075900000000004,56.07,6,485.4850000000001,6,0
1335411,2.3742,102.65000000000002,7,472.9770000000004,8,1
1283210,5.824500000000006,41.13,6,468.97500000000014,2,2
1334654,4.486100000000002,58.29,3,453.25800000000004,4,2
1334655,4.891300000000003,58.29,3,425.2620000000001,4,2
1334656,4.3770000000000024,58.29,3,408.8070000000001,4,2
1334657,5.000400000000003,58.29,3,469.71300000000014,4,2
1334819,4.963840000000004,58.290000000000006,3,463.32200000000006,4,2
1334820,5.653800000000002,58.29,3,504.1580000000002,4,2
1334821,5.500200000000003,58.29,3,485.32800000000015,4,2
1334822,4.0256000000000025,87.39,6,520.3740000000001,5,3
1334823,4.0256000000000025,87.39,6,520.3740000000001,5,3
1334824,4.891300000000003,58.29,3,425.2620000000001,4,2
1334825,4.164700000000003,87.39,6,538.3640000000003,5,3
1334826,3.2631000000000014,87.39,6,441.4780000000002,5,3
1334827,3.9165000000000028,87.39,6,475.9230000000001,5,3
1334828,3.465700000000002,104.46000000000001,7,483.5150000000002,6,3
1334829,3.3164000000000016,107.62,7,485.53100000000023,6,4
1334830,4.921600000000004,67.16,6,504.3750000000001,4,2
1334831,4.679700000000004,76.39,7,534.4010000000003,5,2
1334832,3.5611000000000015,110.24999999999999,7,547.4000000000002,5,3
1334834,4.5465000000000035,105.85,12,600.554,7,3
367192,5.493470000000005,124.48,7,568.4610000000001,6,3
1345949,2.980100000000001,35.16,2,304.39700000000005,3,1
1440020,4.354820000000004,63.57,5,447.9880000000001,6,1
1440019,3.8405200000000024,63.57,5,431.53300000000013,6,1
1443218,4.796720000000004,59.39,7,472.6330000000002,5,1
1444559,4.258840000000002,134.34000000000003,4,496.5060000000002,8,3
1444558,4.343000000000003,92.13999999999999,4,492.5620000000002,6,3
1444557,4.300920000000002,113.24000000000001,4,494.53400000000016,7,3
1444556,4.300920000000002,113.24000000000001,4,494.53400000000016,7,3
1444555,4.300920000000002,113.24000000000001,4,494.53400000000016,7,3
1444554,4.300920000000002,113.24000000000001,4,494.53400000000016,7,3
1444553,6.876000000000006,56.5,4,484.57800000000015,2,3
1444552,4.364920000000002,95.42000000000002,3,414.4440000000001,5,3
1444551,4.364920000000002,95.42000000000002,3,414.4440000000001,5,3
1444550,4.407000000000003,74.32,3,412.4720000000001,4,3
1444561,4.407000000000003,74.32,3,412.4720000000001,4,3
1444560,5.051800000000004,65.73,3,416.5000000000002,3,3
1359642,4.912700000000004,65.72999999999999,3,398.5100000000001,3,3
1558646,1.1383999999999996,79.96,3,272.356,6,2
1558642,0.9674999999999998,79.96,3,272.35599999999994,6,2
1558641,0.5773999999999997,79.96,3,258.32899999999995,6,2
1558640,0.9211999999999998,71.16999999999999,2,272.35600000000005,6,1
1262987,0.6788000000000002,79.1,5,262.361,6,3
1558638,1.5724999999999998,67.07,3,271.368,5,2
1558637,1.1823999999999997,67.07,3,257.34099999999995,5,2
1558636,1.1839999999999997,67.07,2,257.34099999999995,5,2
1558635,1.4973999999999994,67.07,3,269.35200000000003,5,2
1558634,1.4989999999999992,67.07,2,269.35200000000003,5,2
1558631,2.2775999999999996,67.07,3,297.4060000000001,5,2
1558630,2.2791999999999994,67.07,2,297.4060000000001,5,2
1273054,1.8815999999999997,80.21,2,295.346,6,2
1557416,3.959900000000003,32.7,6,317.47300000000007,3,1
65605,5.351300000000005,42.32,8,458.58100000000013,5,1
1576012,6.808800000000007,32.34,6,490.65400000000045,2,1
1351151,6.808800000000007,32.34,6,490.65400000000045,2,1
